PlayerId,PlayerName,Password,Region,CharacterNo,AccountLevel,Server,TimePlayed,FavouriteClass
1,LeftTale,Muggle,Europe,3,12,Silvervine,6,Mage
2,JumsVibe,Monkey69,Europe,1,18,Tellfell,8,Assasin
3,掠奪,密碼,Asia,2,20,Redmore,11,Knight
4,Upside,Flipped,Australia,3,18,Vustuk,7,Archer
5,Revel,StingCheese78,Europe,2,12,Silvervine,6,Assasin
6,Emberflaw,OpalFrom72,Europe,2,10,Tellfell,13,Ranger
7,OsiasAU,DownUpwards82,Australia,2,10,Tellfell,6,Mage
8,MsDoomsday,AlcoholHome87,North America,1,7,Elvask,7,Bard
9,Jigawattas,Conan9029,North America,1,10,Sincaria,12,Warlock
10,Divison21,CopBop21,Europe,2,10,Tellfell,6,Fighter
11,Radicallette,HereThereHere111,North America,2,10,Elvask,10,Assasin
12,Prumptle,GoblinFiend,Europe,3,12,Tellfell,11,Summoner
